OSHPD_ID,FACILITY_NAME,DBA_ADDRESS1,DBA_CITY,DBA_ZIP_CODE,ER_SERVICE_LEVEL_DESC,LICENSE_TYPE_DESC,LICENSE_CATEGORY_DESC
106370028,KAISER FOUNDATION HOSPITAL - SAN MARCOS,360 RUSH DRIVE,SAN MARCOS,92078,Emergency - Basic,Hospital,General Acute Care Hospital
106370033,"CASA PALMERA CARE CENTER, LLC",14750 EL CAMINO REAL,DEL MAR,92014,Not Applicable,Hospital,Chemical Dep. Recovery Hospital
106370652,UC SAN DIEGO HEALTH - EAST CAMPUS MEDICAL CENTER,6655 ALVARADO ROAD,SAN DIEGO,92120,Emergency - Basic,Hospital,General Acute Care Hospital
106370658,SCRIPPS MERCY HOSPITAL - CHULA VISTA,435 H STREET,CHULA VISTA,91910,Emergency - Basic,Hospital,General Acute Care Hospital
106370673,RADY CHILDREN'S HOSPITAL - SAN DIEGO,3020 CHILDREN'S WAY,SAN DIEGO,92123,Emergency - Basic,Hospital,General Acute Care Hospital
106370689,SHARP CORONADO HOSPITAL AND HEALTHCARE CENTER,250 PROSPECT PLACE,CORONADO,92118,Emergency - Basic,Hospital,General Acute Care Hospital
106370694,SHARP MEMORIAL HOSPITAL,7901 FROST STREET,SAN DIEGO,92123,Emergency - Basic,Hospital,General Acute Care Hospital
106370695,SHARP MARY BIRCH HOSPITAL FOR WOMEN AND NEWBORNS,3003 HEALTH CENTER DRIVE,SAN DIEGO,92123,None,Hospital,General Acute Care Hospital
106370714,GROSSMONT HOSPITAL,5555 GROSSMONT CENTER DRIVE,LA MESA,91942,Emergency - Basic,Hospital,General Acute Care Hospital
106370721,KINDRED HOSPITAL - SAN DIEGO,1940 EL CAJON BOULEVARD,SAN DIEGO,92104,None,Hospital,General Acute Care Hospital
106370730,KAISER FOUNDATION HOSPITAL - SAN DIEGO - ZION,4647 ZION AVENUE,SAN DIEGO,92120,Emergency - Basic,Hospital,General Acute Care Hospital
106370744,SCRIPPS MERCY HOSPITAL,4077 FIFTH AVENUE,SAN DIEGO,92103,Emergency - Basic,Hospital,General Acute Care Hospital
106370745,SHARP MESA VISTA HOSPITAL,7850 VISTA HILL AVENUE,SAN DIEGO,92123,Not Applicable,Hospital,Acute Psychiatric Hospital
106370749,ALVARADO PARKWAY INSTITUTE B.H.S.,7050 PARKWAY DRIVE,LA MESA,91942,Not Applicable,Hospital,Acute Psychiatric Hospital
106370759,PARADISE VALLEY HOSPITAL,2400 EAST FOURTH STREET,NATIONAL CITY,91950,Emergency - Basic,Hospital,General Acute Care Hospital
106370771,SCRIPPS MEMORIAL HOSPITAL - LA JOLLA,9888 GENESEE AVENUE,LA JOLLA,92037,Emergency - Basic,Hospital,General Acute Care Hospital
106370775,PARADISE VALLEY HSP D/P APH BAYVIEW BEH HLTH,330 MOSS STREET,CHULA VISTA,91911,None,Hospital,General Acute Care Hospital
106370780,TRI-CITY MEDICAL CENTER,4002 VISTA WAY,OCEANSIDE,92056,Emergency - Basic,Hospital,General Acute Care Hospital
106370782,UC SAN DIEGO HEALTH HILLCREST - HILLCREST MEDICAL CENTER,200 WEST ARBOR DRIVE,SAN DIEGO,92103,Emergency - Comprehensive,Hospital,General Acute Care Hospital
106370875,SHARP CHULA VISTA MEDICAL CENTER,751 MEDICAL CENTER COURT,CHULA VISTA,91911,Emergency - Basic,Hospital,General Acute Care Hospital
106370977,PALOMAR MEDICAL CENTER POWAY,15615 POMERADO ROAD,POWAY,92064,Emergency - Basic,Hospital,General Acute Care Hospital
106371256,SCRIPPS GREEN HOSPITAL,10666 NORTH TORREY PINES ROAD,LA JOLLA,92037,None,Hospital,General Acute Care Hospital
106371394,SCRIPPS MEMORIAL HOSPITAL - ENCINITAS,354 SANTA FE DRIVE,ENCINITAS,92024,Emergency - Basic,Hospital,General Acute Care Hospital
106374024,AURORA SAN DIEGO,11878 AVENUE OF INDUSTRY,SAN DIEGO,92128,Not Applicable,Hospital,Acute Psychiatric Hospital
106374049,SHARP MCDONALD CENTER,7989 LINDA VISTA ROAD,SAN DIEGO,92111,Not Applicable,Hospital,Chemical Dep. Recovery Hospital
106374055,SAN DIEGO COUNTY PSYCHIATRIC HOSPITAL,3853 ROSECRANS STREET,SAN DIEGO,92110,Not Applicable,Hospital,Acute Psychiatric Hospital
106374094,SELECT SPECIALTY HOSPITAL - SAN DIEGO,555 WASHINGTON STREET,SAN DIEGO,92103,None,Hospital,General Acute Care Hospital
106374141,UCSD HEALTH LA JOLLA - JACOBS MEDICAL CENTER & SULPIZIO CARDIOVASCULAR CENTER,9300 CAMPUS POINT DRIVE,LA JOLLA,92037,Emergency - Basic,Hospital,General Acute Care Hospital
106374382,PALOMAR MEDICAL CENTER,2185 W. CITRACADO PARKWAY,ESCONDIDO,92029,Emergency - Basic,Hospital,General Acute Care Hospital
106374465,KAISER FOUNDATION HOSPITAL - SAN DIEGO - CLAIREMONT MESA,9455 CLAIREMONT MESA BLVD,SAN DIEGO,92123,Emergency - Basic,Hospital,General Acute Care Hospital
106374572,PALOMAR REHABILITATION INSTITUTE,2181 CITRACADO PKWY,ESCONDIDO,92029,None,Hospital,General Acute Care Hospital
306370020,SAN YSIDRO HEALTH ESCONDIDO FAMILY MEDICINE,704 E GRAND AVE,ESCONDIDO,92025,Not Applicable,Clinic,Community Clinic
306370021,SAN YSIDRO HEALTH MOUNTAIN HEALTH FAMILY MEDICINE,1388 BUCKMAN SPRINGS RD,CAMPO,91906,Not Applicable,Clinic,Community Clinic
306370022,PLANNED PARENTHOOD/ MIRA MESA CLINIC,10717 CAMINO RUIZ,SAN DIEGO,92126,Not Applicable,Clinic,Community Clinic
306370023,AHF HEALTHCARE CENTER - SAN DIEGO,3580 5TH AVE,SAN DIEGO,92103,Not Applicable,Clinic,Community Clinic
306370024,CITY HEIGHTS FAMILY HEALTH CENTER,5454 EL CAJON BLVD,SAN DIEGO,92115,Not Applicable,Clinic,Community Clinic
306370369,ST PAUL'S PACE EAST,1306 BROADWAY,EL CAJON,92021,Not Applicable,Clinic,Community Clinic
306370374,BEST-START BIRTH CENTER,3630 ENTERPRISE ST,SAN DIEGO,92110,Not Applicable,Clinic,Alternative Birthing Center
306370378,NEIGHBORHOOD HEALTHCARE-GOLD FAMILY HEALTH CENTER,13010 POWAY RD,POWAY,92064,Not Applicable,Clinic,Community Clinic
306370391,OCEANSIDE DIALYSIS,4182 Oceanside Blvd,Oceanside,92056,Not Applicable,Clinic,Chronic Dialysis Clinic
306370409,SANDERLING DIALYSIS OF RAMONA,2102 MAIN ST.,RAMONA,92065,Not Applicable,Clinic,Chronic Dialysis Clinic
306370410,NATIONAL CITY FAMILY HEALTH CENTER,1000 EUCLID AVE,NATIONAL CITY,91950,Not Applicable,Clinic,Community Clinic
306370412,FAMILY HEALTH-CENTER FOR OLDER ADULTS,3420 COLLEGE AVE,SAN DIEGO,92115,Not Applicable,Clinic,Community Clinic
306370487,FMG DIALYSIS SERVICES OF COLLEGE,5961 UNIVERSITY AVE,SAN DIEGO,92115,Not Applicable,Clinic,Chronic Dialysis Clinic
306370507,SAN YSIDRO HEALTH MATERNAL & CHILD HEALTH CENTER,4050 BEYER BLVD,SAN YSIDRO,92173,Not Applicable,Clinic,Community Clinic
306370519,HIDDEN VALLEY DIALYSIS,1951 CITRACADO PKWY,ESCONDIDO,92029,Not Applicable,Clinic,Chronic Dialysis Clinic
306370543,"GARY AND MARY WEST SENIOR SERVICES, INC.",1706 DESCANSO AVE,SAN MARCOS,92078,Not Applicable,Clinic,Community Clinic
306370576,HOPE CLINIC FOR WOMEN,125 E HAWTHORNE ST,FALLBROOK,92028,Not Applicable,Clinic,Free Clinic
306370580,TRUECARE,220 ROTANZI ST,RAMONA,92065,Not Applicable,Clinic,Community Clinic
306370619,SAN YSIDRO HEALTH URGENT CARE,333 H ST,CHULA VISTA,91910,Not Applicable,Clinic,Community Clinic
306370637,RICHARD J. DONOVAN STATE PRISON DIALYSIS CLINIC,480 ALTA RD,SAN DIEGO,92179,Not Applicable,Clinic,Chronic Dialysis Clinic
306370641,SAN YSIDRO HEALTH EL CAJON/SAN DIEGO PACE,875 EL CAJON BLVD,EL CAJON,92020,Not Applicable,Clinic,Community Clinic
306370642,SCRIPPS HEALTH ASC JEFFERSON,2205 VISTA WAY,OCEANSIDE,92054,Not Applicable,Clinic,Surgical Clinic
306370661,"SAN DIEGO DIALYSIS SERVICES, INC.",3960 3RD AVE,SAN DIEGO,92103,Not Applicable,Clinic,Chronic Dialysis Clinic
306370663,VCC: MOBILE MEDICAL CLINIC,465 LA TORTUGA DR,VISTA,92081,Not Applicable,Clinic,Community Clinic
306370665,FRESENIUS KIDNEY CARE HOME TRAINING CENTER OF SAN DIEGO,3939 RUFFIN RD,SAN DIEGO,92123,Not Applicable,Clinic,Chronic Dialysis Clinic
306370687,SAN YSIDRO HEALTH BEHAVIORAL HEALTH CENTER,1666 PRECISION PARK LN,SAN YSIDRO,92173,Not Applicable,Clinic,Community Clinic
306370701,REAL CHOICES CHULA VISTA,355 K ST,CHULA VISTA,91911,Not Applicable,Clinic,Free Clinic
306370724,COLFS MEDICAL CLINIC,362 W Mission Ave,ESCONDIDO,92025,Not Applicable,Clinic,Community Clinic
306370726,ST. PAULS PACE ROVING CLINIC,2557 3RD AVE,SAN DIEGO,92103,Not Applicable,Clinic,Community Clinic
306370738,LINDA VISTA HEALTH CARE CENTER,6973 LINDA VISTA RD,SAN DIEGO,92111,Not Applicable,Clinic,Community Clinic
306370754,SANDERLING DIALYSIS OF CHULA VISTA,963 LANE AVE,CHULA VISTA,91914,Not Applicable,Clinic,Chronic Dialysis Clinic
306370767,EAST COUNTY WELLNESS CENTER,8530 LA MESA BLVD,LA MESA,91942,Not Applicable,Clinic,Community Clinic
306370796,SAN DIEGO SOUTH DIALYSIS,1220 E PLAZA BLVD,NATIONAL CITY,91950,Not Applicable,Clinic,Chronic Dialysis Clinic
306370797,SAN YSIDRO HEALTH HIV & LGBTQ MOBILE CLINIC SERVICES,4004 BEYER BLVD,SAN YSIDRO,92173,Not Applicable,Clinic,Community Clinic
306370799,BIRTH CHOICE OF SAN MARCOS,365 S RANCHO SANTA FE RD,SAN MARCOS,92078,Not Applicable,Clinic,Community Clinic
306370813,LOGAN HEIGHTS FAMILY HEALTH CENTER,1809 NATIONAL AVE,SAN DIEGO,92113,Not Applicable,Clinic,Community Clinic
306370847,BEACH AREA FAMILY HEALTH CENTER,3705 MISSION BLVD,SAN DIEGO,92109,Not Applicable,Clinic,Community Clinic
306370856,VISTA COMMUNITY CLINIC,1000 VALE TERRACE DR,VISTA,92084,Not Applicable,Clinic,Community Clinic
306370876,IMPERIAL BEACH HEALTH CENTER,949 PALM AVE,IMPERIAL BEACH,91932,Not Applicable,Clinic,Community Clinic
306370934,"SAN DIEGO DIALYSIS SERVICES, INC.",303 W 26TH ST,NATIONAL CITY,91950,Not Applicable,Clinic,Chronic Dialysis Clinic
306370936,MID-CITY COMMUNITY CLINIC,4290 POLK AVE,SAN DIEGO,92105,Not Applicable,Clinic,Community Clinic
306370973,ESCONDIDO DIALYSIS,203 E 2ND AVE,ESCONDIDO,92025,Not Applicable,Clinic,Chronic Dialysis Clinic
306371128,PLANNED PARENTHOOD OF SDRC - FIRST AVENUE CENTER,2017 1ST AVE,SAN DIEGO,92101,Not Applicable,Clinic,Community Clinic
306371226,SAN YSIDRO HEALTH OTAY,1637 3RD AVE,CHULA VISTA,91911,Not Applicable,Clinic,Community Clinic
306371257,SAN YSIDRO HEALTH SAN YSIDRO HEALTH CENTER,4004 BEYER BLVD,SAN YSIDRO,92173,Not Applicable,Clinic,Community Clinic
306371285,SAN YSIDRO HEALTH CHC - OCEAN VIEW,3177 OCEAN VIEW BLVD,SAN DIEGO,92113,Not Applicable,Clinic,Community Clinic
306371354,SAMAHAN HEALTH CENTERS: MIRA MESA MEDICAL,10737 CAMINO RUIZ,SAN DIEGO,92126,Not Applicable,Clinic,Community Clinic
306371451,PLANNED PARENTHOOD - ESCONDIDO CENTER,347 W MISSION AVE,ESCONDIDO,92025,Not Applicable,Clinic,Community Clinic
306371511,NEIGHBORHOOD HEALTHCARE EL CAJON,855 E MADISON AVE,EL CAJON,92020,Not Applicable,Clinic,Community Clinic
306371576,TRUECARE,150 VALPREDA RD,SAN MARCOS,92069,Not Applicable,Clinic,Community Clinic
306371581,SAN DIEGO AMERICAN INDIAN HEALTH CENTER,2630 1ST AVE,SAN DIEGO,92103,Not Applicable,Clinic,Community Clinic
306371589,PLANNED PARENTHOOD - KEARNY MESA CENTER,7035 CONVOY CT,SAN DIEGO,92111,Not Applicable,Clinic,Community Clinic
306371591,FRESENIUS MEDICAL CARE BALBOA-KEARNY MESA,7927 OSTROW ST,SAN DIEGO,92111,Not Applicable,Clinic,Chronic Dialysis Clinic
306371594,PLANNED PARENTHOOD ASSN OF SAN DIEGO COUNTY,4575 College Ave,San Diego,92115,Not Applicable,Clinic,Community Clinic
306371602,SAMAHAN HEALTH CENTERS: 2743 HIGHLAND,2743 HIGHLAND AVE,NATIONAL CITY,91950,Not Applicable,Clinic,Community Clinic
306371686,PLANNED PARENTHOOD - FRANCES TORBERT CENTER,220 EUCLID AVE,SAN DIEGO,92114,Not Applicable,Clinic,Community Clinic
306374005,"SAN DIEGO DIALYSIS SERVICES, INC.",2252 VERUS ST,SAN DIEGO,92154,Not Applicable,Clinic,Chronic Dialysis Clinic
306374011,CATHOLIC CHARITIES,349 CEDAR ST,SAN DIEGO,92101,Not Applicable,Clinic,Psychology Clinic
306374016,RAI - FLETCHER PARKWAY -  EL CAJON,858 FLETCHER PKWY,EL CAJON,92020,Not Applicable,Clinic,Chronic Dialysis Clinic
306374018,ST. VINCENT DE PAUL VILLAGE FAMILY HEALTH CENTER,1501 IMPERIAL AVE,SAN DIEGO,92101,Not Applicable,Clinic,Community Clinic
306374031,VISTA COMMUNITY CLINIC - GRAPEVINE,134 GRAPEVINE RD,VISTA,92083,Not Applicable,Clinic,Community Clinic
306374039,"SAN DIEGO DIALYSIS SERVICES, INC.",720 GATEWAY CENTER DR,SAN DIEGO,92102,Not Applicable,Clinic,Chronic Dialysis Clinic
306374040,PLANNED PARENTHOOD OF SDRC-SURGICAL SERVICES,2017 1ST AVE,SAN DIEGO,92101,Not Applicable,Clinic,Community Clinic
306374053,FRESENIUS MEDICAL CARE BALBOA. - LA MESA,5995 SEVERIN DR,LA MESA,91942,Not Applicable,Clinic,Chronic Dialysis Clinic
306374075,FRESENIUS MEDICAL CARE NORTH COAST KIDNEY CENTER,3300 VISTA WAY,OCEANSIDE,92056,Not Applicable,Clinic,Chronic Dialysis Clinic
306374093,NEIGHBORHOOD HEALTHCARE ESCONDIDO,460 N ELM ST,ESCONDIDO,92025,Not Applicable,Clinic,Community Clinic
306374118,PLANNED PARENTHOOD - CHULA VISTA CENTER,1295 BROADWAY,CHULA VISTA,91911,Not Applicable,Clinic,Community Clinic
306374121,FRESENIUS MEDICAL CARE MARINA BAY,630 BAY BLVD,CHULA VISTA,91910,Not Applicable,Clinic,Chronic Dialysis Clinic
306374160,NORTH PARK FAMILY HEALTH CENTER,3544 30TH ST,SAN DIEGO,92104,Not Applicable,Clinic,Community Clinic
306374164,NEIGHBORHOOD HEALTHCARE - LAKESIDE MEDICAL,10039A VINE ST,LAKESIDE,92040,Not Applicable,Clinic,Community Clinic
306374171,ENCINITAS DIALYSIS,332 SANTA FE DR,ENCINITAS,92024,Not Applicable,Clinic,Chronic Dialysis Clinic
306374180,VISTA COMMUNITY CLINIC - PIER VIEW WAY,818 PIER VIEW WAY,OCEANSIDE,92054,Not Applicable,Clinic,Community Clinic
306374200,TRUECARE,2210 MESA DR,OCEANSIDE,92054,Not Applicable,Clinic,Community Clinic
306374202,RAMONA PREGNANCY CARE CLINIC,1530 MAIN ST,RAMONA,92065,Not Applicable,Clinic,Free Clinic
306374207,RAI - MISSION GORGE - SAN DIEGO,7007 MISSION GORGE RD,SAN DIEGO,92120,Not Applicable,Clinic,Chronic Dialysis Clinic
306374208,FRESENIUS MEDICAL CARE BALBOA EAST COUNTY,570 N 2ND ST,EL CAJON,92021,Not Applicable,Clinic,Chronic Dialysis Clinic
306374226,ALTERNATIVES,257 E 2ND AVE,ESCONDIDO,92025,Not Applicable,Clinic,Free Clinic
306374242,UCSD DIALYSIS CLINIC,200 W ARBOR DR,SAN DIEGO,92103,Not Applicable,Clinic,Chronic Dialysis Clinic
306374244,U S RENAL CARE OCEANSIDE DIALYSIS,2227 S El Camino Real,Oceanside,92054,Not Applicable,Clinic,Chronic Dialysis Clinic
306374245,U.S. RENAL CARE CHULA VISTA BROADWAY DIALYSIS,1181 BROADWAY,CHULA VISTA,91911,Not Applicable,Clinic,Chronic Dialysis Clinic
306374260,GROSSMONT SPRING VALLEY FAMILY HEALTH CENTER,8788 JAMACHA RD,SPRING VALLEY,91977,Not Applicable,Clinic,Community Clinic
306374261,SAN YSIDRO HEALTH EUCLID,286 EUCLID AVE,SAN DIEGO,92114,Not Applicable,Clinic,Community Clinic
306374274,TRUECARE,2210 MESA DR,OCEANSIDE,92054,Not Applicable,Clinic,Community Clinic
306374279,SAN YSIDRO DIALYSIS CENTER,3010 DEL SOL BLVD,SAN DIEGO,92154,Not Applicable,Clinic,Chronic Dialysis Clinic
306374280,CHASE AVENUE FAMILY HEALTH CENTER,1111 W CHASE AVE,EL CAJON,92020,Not Applicable,Clinic,Community Clinic
306374281,BORREGO MEDICAL CLINIC,4343 YAQUI PASS RD,BORREGO SPRINGS,92004,Not Applicable,Clinic,Community Clinic
306374285,SAN YSIDRO DIALYSIS,1445 30TH ST,SAN DIEGO,92154,Not Applicable,Clinic,Chronic Dialysis Clinic
306374286,RAY M DICKINSON WELLNESS CENTER,425 N DATE ST,ESCONDIDO,92025,Not Applicable,Clinic,Community Clinic
306374295,VISTA COMMUNITY CLINIC - HORNE STREET,517 N HORNE ST,OCEANSIDE,92054,Not Applicable,Clinic,Community Clinic
306374301,PLANNED PARENTHOOD - MISSION BAY CLINIC,4501 MISSION BAY DR,SAN DIEGO,92109,Not Applicable,Clinic,Community Clinic
306374303,SAN DIEGO EAST DIALYSIS,292 EUCLID AVE,SAN DIEGO,92114,Not Applicable,Clinic,Chronic Dialysis Clinic
306374305,FMC DIALYSIS SERVICES OF PARADISE,6919 PARADISE VALLEY RD,SAN DIEGO,92139,Not Applicable,Clinic,Chronic Dialysis Clinic
306374324,MID-CITY COMMUNITY CLINIC (PEDIATRICS),4305 UNIVERSITY AVE,SAN DIEGO,92105,Not Applicable,Clinic,Community Clinic
306374325,FMCNA DIALYSIS SERVICES OF RANCHO,11031 VIA FRONTERA,SAN DIEGO,92127,Not Applicable,Clinic,Chronic Dialysis Clinic
306374326,CARMEL MOUNTAIN DIALYSIS,9850 CARMEL MOUNTAIN RD,SAN DIEGO,92129,Not Applicable,Clinic,Chronic Dialysis Clinic
306374328,COLLEGE DIALYSIS,6035 UNIVERSITY AVE,SAN DIEGO,92115,Not Applicable,Clinic,Chronic Dialysis Clinic
306374346,PREGNANCY CARE CENTER,677 S MAGNOLIA AVE,EL CAJON,92020,Not Applicable,Clinic,Free Clinic
306374349,COLLEGE AREA PREGNANCY SERVICES,6663 EL CAJON BLVD,SAN DIEGO,92115,Not Applicable,Clinic,Free Clinic
306374359,TRUECARE,1130 2ND ST,ENCINITAS,92024,Not Applicable,Clinic,Community Clinic
306374378,PLANNED PARENTHOOD - CITY HEIGHTS CLINIC,4305 UNIVERSITY AVE,SAN DIEGO,92105,Not Applicable,Clinic,Community Clinic
306374379,SAN YSIDRO HEALTH MOBILE HEALTH SERVICES 1G,4004 BEYER BLVD.,SAN YSIDRO,92173,Not Applicable,Clinic,Community Clinic
306374380,SAN YSIDRO HEALTH MOBILE HEALTH SERVICES 1F,4004 BEYER BLVD,SAN YSIDRO,92173,Not Applicable,Clinic,Community Clinic
306374385,FRESENIUS MEDICAL CARE OF LA JOLLA,4765 CARMEL MOUNTAIN RD,SAN DIEGO,92130,Not Applicable,Clinic,Chronic Dialysis Clinic
306374387,PLANNED PARENTHOOD - EL CAJON CLINIC,1685 E MAIN ST,EL CAJON,92021,Not Applicable,Clinic,Community Clinic
306374393,LA MESA REHAB,8380 CENTER DR,LA MESA,91942,Not Applicable,Clinic,Rehabilitation Clinic
306374398,SHERMAN HEIGHTS FAMILY HEALTH CENTER,2391 ISLAND AVE,SAN DIEGO,92102,Not Applicable,Clinic,Community Clinic
306374401,"ALLIANCE HEALTH CLINIC, INC.",5952 EL CAJON BLVD,SAN DIEGO,92115,Not Applicable,Clinic,Community Clinic
306374405,COMMUNITY ELDERCARE OF SAN DIEGO,111 ELM ST,SAN DIEGO,92101,Not Applicable,Clinic,Community Clinic
306374409,SAN YSIDRO HEALTH CHILDREN'S DENTAL CENTER AT RADY CHILDREN'S HOSPITAL,8110 BIRMINGHAM WAY,SAN DIEGO,92123,Not Applicable,Clinic,Community Clinic
306374413,FRESENIUS MEDICAL CARE BUENA CREEK,950 HACIENDA DR,VISTA,92081,Not Applicable,Clinic,Chronic Dialysis Clinic
306374421,CHULA VISTA FAMILY HEALTH CENTER,251 LANDIS AVE,CHULA VISTA,91910,Not Applicable,Clinic,Community Clinic
306374425,SAN MARCOS DIALYSIS CENTER,2135 MONTIEL RD,SAN MARCOS,92069,Not Applicable,Clinic,Chronic Dialysis Clinic
306374426,SAMAHAN HEALTH CENTERS : 2835 HIGHLAND,2835 HIGHLAND AVE,NATIONAL CITY,91950,Not Applicable,Clinic,Community Clinic
306374430,PREGNANCY RESOURCE CENTER,1830 HACIENDA DR,VISTA,92081,Not Applicable,Clinic,Community Clinic
306374432,SAN YSIDRO HEALTH PARADISE HILLS,2400 E 8TH ST,NATIONAL CITY,91950,Not Applicable,Clinic,Community Clinic
306374434,TRUECARE,605 CROUCH ST,OCEANSIDE,92054,Not Applicable,Clinic,Community Clinic
306374436,LEMON GROVE FAMILY HEALTH CENTER,7592 BROADWAY,LEMON GROVE,91945,Not Applicable,Clinic,Community Clinic
306374438,LOGAN HEIGHTS FAMILY COUNSELING CENTER,2204 NATIONAL AVE,SAN DIEGO,92113,Not Applicable,Clinic,Community Clinic
306374445,LA MAESTRA COMMUNITY HEALTH CENTERS - CITY HEIGHTS,4060 FAIRMOUNT AVE,SAN DIEGO,92105,Not Applicable,Clinic,Community Clinic
306374448,"CENTRO MEDICO, ESCONDIDO",1121 E WASHINGTON AVE,ESCONDIDO,92025,Not Applicable,Clinic,Community Clinic
306374450,NESTOR COMMUNITY HEALTH CENTER,1016 OUTER RD,SAN DIEGO,92154,Not Applicable,Clinic,Community Clinic
306374470,KIDCARE EXPRESS,823 GATEWAY CENTER WAY,SAN DIEGO,92102,Not Applicable,Clinic,Community Clinic
306374471,CITY HEIGHTS FAMILY HEALTH CENTER,5454 EL CAJON BLVD,SAN DIEGO,92115,Not Applicable,Clinic,Community Clinic
306374477,ST. PAUL'S PACE,630 L ST,CHULA VISTA,91911,Not Applicable,Clinic,Community Clinic
306374480,TRUECARE,1295 CARLSBAD VILLAGE DR,CARLSBAD,92008,Not Applicable,Clinic,Community Clinic
306374484,LA MAESTRA COMMUNITY HEALTH CENTERS - MOBILE CLINIC,4060 FAIRMOUNT AVE,SAN DIEGO,92105,Not Applicable,Clinic,Community Clinic
306374485,WOMEN'S HEALTH & WELLNESS CENTER,8851 Center Dr,La Mesa,91942,Not Applicable,Clinic,Community Clinic
306374491,KING-CHAVEZ HEALTH CENTER,950 S EUCLID AVE,SAN DIEGO,92114,Not Applicable,Clinic,Community Clinic
306374493,RICE FAMILY HEALTH CENTER,352 L ST,CHULA VISTA,91911,Not Applicable,Clinic,Community Clinic
306374494,DTFHC AT CONNECTIONS,1250 6th Ave,San Diego,92101,Not Applicable,Clinic,Community Clinic
306374498,SAN YSIDRO HEALTH CHULA VISTA,678 3RD AVE,CHULA VISTA,91910,Not Applicable,Clinic,Community Clinic
306374506,FRESENIUS MEDICAL CARE EAST LAKES,2391 BOSWELL RD,CHULA VISTA,91914,Not Applicable,Clinic,Chronic Dialysis Clinic
306374509,U.S. RENAL CARE CHULA VISTA DIALYSIS,2084 OTAY LAKES RD,CHULA VISTA,91915,Not Applicable,Clinic,Chronic Dialysis Clinic
306374513,DIAMOND NEIGHBORHOODS FAMILY HEALTH CENTER,4725 Market St,San Diego,92102,Not Applicable,Clinic,Community Clinic
306374514,SAN YSIDRO HEALTH SAN DIEGO PACE/SENIOR HEALTH SERVICES,3364 BEYER BLVD,SAN YSIDRO,92173,Not Applicable,Clinic,Community Clinic
306374518,FAMILYHEALTH AT CITY COLLEGE,1550 BROADWAY,SAN DIEGO,92101,Not Applicable,Clinic,Community Clinic
306374519,SAMAHAN HEALTH CENTERS: GRANGER,2101 GRANGER AVE,NATIONAL CITY,91950,Not Applicable,Clinic,Community Clinic
306374527,SAN YSIDRO HEALTH MOBILE HEALTH SERVICES 1H,4004 BEYER BLVD,SAN YSIDRO,92173,Not Applicable,Clinic,Community Clinic
306374532,VISTA COMMUNITY CLINIC MOBILE HEALTH VAN,1000 VALE TERRACE DR,VISTA,92084,Not Applicable,Clinic,Community Clinic
306374534,HILLCREST FAMILY HEALTH CENTER,4094 4TH AVE,SAN DIEGO,92103,Not Applicable,Clinic,Community Clinic
306374536,PLANNED PARENTHOOD - ISABELLA CENTER,1964 VIA CENTRE,VISTA,92081,Not Applicable,Clinic,Community Clinic
306374538,TREE OF LIFE FOR HEALTHY BIRTHING AND PARENTING,617 Saxony Pl,Encinitas,92024,Not Applicable,Clinic,Alternative Birthing Center
306374539,FAMILY HEALTH ON COMMERCIAL,2325 COMMERCIAL ST,SAN DIEGO,92113,Not Applicable,Clinic,Community Clinic
306374540,TURNING POINT PREGNANCY RESOURCE CENTER INC.,7340 MIRAMAR RD,SAN DIEGO,92126,Not Applicable,Clinic,Community Clinic
306374549,"CENTRO MEDICO, EL CAJON",133 W MAIN ST,EL CAJON,92020,Not Applicable,Clinic,Community Clinic
306374551,TURNING POINT PREGNANCY RESOURCE CENTER,7340 MIRAMAR RD,SAN DIEGO,92126,Not Applicable,Clinic,Free Clinic
306374553,SAN DIEGO FAMILY CARE,7011 LINDA VISTA ROAD,SAN DIEGO,92111,Not Applicable,Clinic,Community Clinic
306374558,OAK PARK FAMILY HEALTH CENTER,5160 FEDERAL BLVD,SAN DIEGO,92105,Not Applicable,Clinic,Community Clinic
306374559,EL CAJON FAMILY HEALTH CENTER,525 E. MAIN ST,EL CAJON,92020,Not Applicable,Clinic,Community Clinic
306374560,FRESENIUS MEDICAL CARE RAVEN,499 RAVEN ST,SAN DIEGO,92102,Not Applicable,Clinic,Chronic Dialysis Clinic
306374565,SAN YSIDRO HEALTH SOUTH BAY,330-340 E 8TH STREET,NATIONAL CITY,91950,Not Applicable,Clinic,Community Clinic
306374569,"GARY AND MARY WEST SENIOR DENTAL CENTER, INC.",1525 4th Ave,San Diego,92101,Not Applicable,Clinic,Community Clinic
406370029,"CURE STAT INFUSION SERVICES, INC.",6725 MESA RIDGE RD,SAN DIEGO,92121,Not Applicable,Home Health Agency/Hospice,Home Health Agency
406370650,UCSD HOME INFUSION PHARMACY,9610 RIDGEHAVEN CT,SAN DIEGO,92123,Not Applicable,Home Health Agency/Hospice,Home Health Agency
406370654,CENTERWELL HOME HEALTH,2525 CAMINO DEL RIO S,SAN DIEGO,92108,Not Applicable,Home Health Agency/Hospice,Home Health Agency
406370829,PACIFIC POINT HOME HEALTH & PALLIATIVE CARE,6170 CORNERSTONE CT E,SAN DIEGO,92121,Not Applicable,Home Health Agency/Hospice,Home Health Agency
406370830,"ACCENTCARE HOME HEALTH AT UC SAN DIEGO, LLC",5060 Shoreham Pl,San Diego,92122,Not Applicable,Home Health Agency/Hospice,Home Health Agency
406370856,"ALL CONCIERGE HOMEHEALTH, INC.",2125 S EL CAMINO REAL,OCEANSIDE,92054,Not Applicable,Home Health Agency/Hospice,Home Health Agency
406370929,"BELLE VIE HOME HEALTH, INC.",1220 GREENFIELD DR,EL CAJON,92021,Not Applicable,Home Health Agency/Hospice,Home Health Agency
406371016,KAISER FOUNDATION HOSP SAN DIEGO HHA,8010 PARKWAY DR,LA MESA,91942,Not Applicable,Home Health Agency/Hospice,Home Health Agency
406371337,COMFORCARE HOME CARE NORTH COUNTY SAN DIEGO,830 E VISTA WAY,VISTA,92084,Not Applicable,Home Health Agency/Hospice,Home Health Agency
406371525,KAISER FOUNDATION HOSPITAL SAN DIEGO HOSPICE,10992 SAN DIEGO MISSION RD,SAN DIEGO,92108,Not Applicable,Home Health Agency/Hospice,Home Health Agency
406371527,HEALTHPEAK HOME HEALTH - BRANCH,7339 EL CAJON BLVD,LA MESA,91942,Not Applicable,Home Health Agency/Hospice,Home Health Agency
406371533,"SEA COAST HOME HEALTH CARE, INC.",8380 MIRAMAR MALL,SAN DIEGO,92121,Not Applicable,Home Health Agency/Hospice,Home Health Agency
406371565,BRIGHTSTAR CARE OF N. CENTRAL SAN DIEGO/LA JOLLA,8555 AERO DR,SAN DIEGO,92123,Not Applicable,Home Health Agency/Hospice,Home Health Agency
406371602,RADIANT HOSPICE,7675 Dagget St,San Diego,92111,Not Applicable,Home Health Agency/Hospice,Hospice
406371610,PALOMAR HOME HEALTH SERVICES,800 W Valley Pkwy,Escondido,92025,Not Applicable,Home Health Agency/Hospice,Home Health Agency
406371619,"ALLEVIATION HOSPICE CARE, INC.",320 E 2nd Ave,Escondido,92025,Not Applicable,Home Health Agency/Hospice,Hospice
406371625,TRI-CITY HOME CARE,2095 W VISTA WAY,VISTA,92083,Not Applicable,Home Health Agency/Hospice,Home Health Agency
406371647,SEAPORT SCRIPPS HOME HEALTH,3750 CONVOY ST,SAN DIEGO,92111,Not Applicable,Home Health Agency/Hospice,Home Health Agency
406371665,"ACCENTCARE HOME HEALTH OF CALIFORNIA, INC.",5050 MURPHY CANYON RD,SAN DIEGO,92123,Not Applicable,Home Health Agency/Hospice,Home Health Agency
406371734,ABILITY HOME HEALTH SERVICES INC.,9560 CANDIDA ST,SAN DIEGO,92126,Not Applicable,Home Health Agency/Hospice,Home Health Agency
406371752,"HOPE HOSPICE & PALLIATIVE CARE, INC",340 Rancheros Dr,San Marcos,92069,Not Applicable,Home Health Agency/Hospice,Hospice
406371794,COMFORT AND PEACE HOSPICE,3944 MURPHY CANYON RD,SAN DIEGO,92123,Not Applicable,Home Health Agency/Hospice,Hospice
406371847,"RO HEALTH, INC.",3934 Murphy Canyon Rd,San Diego,92123,Not Applicable,Home Health Agency/Hospice,Home Health Agency
406371868,ASSISTIVE HEALTH SYSTEMS INC.,4540 KEARNY VILLA RD,SAN DIEGO,92123,Not Applicable,Home Health Agency/Hospice,Home Health Agency
406371925,LA PAZ HOSPICE INC,2831 CAMINO DEL RIO SOUTH,SAN DIEGO,92108,Not Applicable,Home Health Agency/Hospice,Hospice
406371970,AEGIS HEALTH LLC,237 CHURCH AVE,CHULA VISTA,91910,Not Applicable,Home Health Agency/Hospice,Home Health Agency
406372026,HEALTH SHIELD HOME HEALTH SERVICES,3914 Murphy Canyon Rd,San Diego,92123,Not Applicable,Home Health Agency/Hospice,Home Health Agency
406372150,SHIELD HOSPICE,7940 SILVERTON AVE.,SAN DIEGO,92126,Not Applicable,Home Health Agency/Hospice,Hospice
406372413,THE HOSPICE OF SAN DIEGO,9285 Dowdy Dr,San Diego,92126,Not Applicable,Home Health Agency/Hospice,Hospice
406372456,"ABSALOM HOME HEALTH AGENCY, LLC",1283 E MAIN ST,EL CAJON,92021,Not Applicable,Home Health Agency/Hospice,Home Health Agency
406372625,CALSTRO HOSPICE SAN DIEGO,410 S Santa Fe Ave,Vista,92084,Not Applicable,Home Health Agency/Hospice,Hospice
406372656,DIVINE LIGHT HOSPICE,2535 CAMINO DEL RIO S,SAN DIEGO,92108,Not Applicable,Home Health Agency/Hospice,Hospice
406372763,DIRECT CARE NURSING CORPORATION,739 E PENNSYLVANIA AVE,ESCONDIDO,92025,Not Applicable,Home Health Agency/Hospice,Home Health Agency
406372876,"SAINT FRANCIS HEALTHCARE, INC.",5119 GARFIELD ST,LA MESA,91941,Not Applicable,Home Health Agency/Hospice,Home Health Agency
406372882,AMERICAS BEST HOSPICE CARE INC.,6540 Lusk Blvd,San Diego,92121,Not Applicable,Home Health Agency/Hospice,Hospice
406372902,"COMPLETE CAREGIVER, INC",1901 1ST AVE,SAN DIEGO,92101,Not Applicable,Home Health Agency/Hospice,Home Health Agency
406372924,ASSISTIVE HOSPICE AND PALLIATIVE CARE,4540 Kearny Villa Rd,San Diego,92123,Not Applicable,Home Health Agency/Hospice,Hospice
406372978,"MONARCH HOME HEALTH SERVICES, LLC",2941 4TH AVE,SAN DIEGO,92103,Not Applicable,Home Health Agency/Hospice,Home Health Agency
406372979,BRIGHTSTAR CARE OF CARLSBAD,2185 FARADAY AVE,CARLSBAD,92008,Not Applicable,Home Health Agency/Hospice,Home Health Agency
406373031,BRIGHTSTAR CARE OF CARMEL VALLEY & RANCHO SANTA FE,9672 VIA EXCELENCIA,SAN DIEGO,92126,Not Applicable,Home Health Agency/Hospice,Home Health Agency
406373035,SEACREST HOME HEALTH,211 Saxony Rd,Encinitas,92024,Not Applicable,Home Health Agency/Hospice,Home Health Agency
406374033,INTERIM HEALTHCARE OF SAN DIEGO COUNTY,5625 Ruffin Rd,San Diego,92123,Not Applicable,Home Health Agency/Hospice,Home Health Agency
406374099,CHILDREN'S HOMECARE,8291 AERO PLACE,SAN DIEGO,92123,Not Applicable,Home Health Agency/Hospice,Home Health Agency
406374107,LA JOLLA NURSES HOMECARE,2223 AVE DE LA PLAYA,LA JOLLA,92037,Not Applicable,Home Health Agency/Hospice,Home Health Agency
406374128,"SPECIAL CARE HOME HEALTH SERVICES, INC.",591 CAMINO DE LA REINA,SAN DIEGO,92108,Not Applicable,Home Health Agency/Hospice,Home Health Agency
406374167,EXCEL HOME HEALTH,5575 LAKE PARK WAY,LA MESA,91942,Not Applicable,Home Health Agency/Hospice,Home Health Agency
406374182,ELIZABETH HOSPICE - PARENT - ESCONDIDO,500 LA TERRAZA BLVD.,ESCONDIDO,92025,Not Applicable,Home Health Agency/Hospice,Hospice
406374219,TOP CARE HOME HEALTH,9683 Tierra Grande St,San Diego,92126,Not Applicable,Home Health Agency/Hospice,Home Health Agency
406374234,GENTIVA,5080 SHOREHAM PL,SAN DIEGO,92122,Not Applicable,Home Health Agency/Hospice,Hospice
406374236,FIRSTAT NURSING SERVICES,411 CAMINO DEL RIO S,SAN DIEGO,92108,Not Applicable,Home Health Agency/Hospice,Home Health Agency
406374239,VITAS HEALTHCARE CORPORATION OF CALIFORNIA-HOSPICE,9655 GRANITE RIDGE DR.,SAN DIEGO,92123,Not Applicable,Home Health Agency/Hospice,Hospice
406374269,HOSPICE OF THE NORTH COAST,2525 PIO PICO DR,CARLSBAD,92008,Not Applicable,Home Health Agency/Hospice,Hospice
406374282,SHARP HOSPICECARE,8881 Fletcher Pky,La Mesa,91942,Not Applicable,Home Health Agency/Hospice,Hospice
406374304,"MAXIM HEALTHCARE SERVICES, INC. - CARLSBAD",2141 PALOMAR AIRPORT RD,CARLSBAD,92011,Not Applicable,Home Health Agency/Hospice,Home Health Agency
406374323,GRANDCARE SAN DIEGO LLC,2535 CAMINO DEL RIO S,SAN DIEGO,92108,Not Applicable,Home Health Agency/Hospice,Home Health Agency
406374330,SHARP HOME INFUSION SERVICES,3558 RUFFIN RD,SAN DIEGO,92123,Not Applicable,Home Health Agency/Hospice,Home Health Agency
406374332,RENAISSANCE HOME HEALTH,3160 CAMINO DEL RIO S,SAN DIEGO,92108,Not Applicable,Home Health Agency/Hospice,Home Health Agency
406374352,LIGHTBRIDGE HOSPICE,6155 Cornerstone Ct E,San Diego,92121,Not Applicable,Home Health Agency/Hospice,Hospice
406374354,"MISSION HOME HEALTH OF SAN DIEGO, INC.",2365 NORTHSIDE DR,SAN DIEGO,92108,Not Applicable,Home Health Agency/Hospice,Home Health Agency
406374355,"CRESCENT HEALTHCARE, INC.",15025 INNOVATION DR,SAN DIEGO,92128,Not Applicable,Home Health Agency/Hospice,Home Health Agency
406374356,"DEPENDABLE NURSING, LLC",5055 Avenida Encinas,Carlsbad,92008,Not Applicable,Home Health Agency/Hospice,Home Health Agency
406374358,LORIAN HEALTH,9325 SKY PARK CT,SAN DIEGO,92123,Not Applicable,Home Health Agency/Hospice,Home Health Agency
406374362,ACCENTCARE  HOME HEALTH OF CA - ESCONDIDO - BRANCH,365 S RANCHO SANTA FE RD,SAN MARCOS,92078,Not Applicable,Home Health Agency/Hospice,Home Health Agency
406374364,AVALON HOSPICE AND PALLIATIVE CARE,3914 MURPHY CANYON ROAD,SAN DIEGO,92123,Not Applicable,Home Health Agency/Hospice,Hospice
406374366,NIGHTINGALE HOME CARE INC.,4579 MAPLE AVE,LA MESA,91941,Not Applicable,Home Health Agency/Hospice,Home Health Agency
406374369,"ACCENTCARE HOME HEALTH OF CALIFORNIA, INC",5050 MURPHY CANYON RD,SAN DIEGO,92123,Not Applicable,Home Health Agency/Hospice,Home Health Agency
406374384,INTERIM HEALTHCARE OF SAN DIEGO COUNTY,425 W 5th Ave,Escondido,92025,Not Applicable,Home Health Agency/Hospice,Home Health Agency
406374388,CORAM CVS/SPECIALTY INFUSION SERVICES,12310 WORLD TRADE DR,SAN DIEGO,92128,Not Applicable,Home Health Agency/Hospice,Home Health Agency
406374391,ACCENTCARE HOSPICE & PALLIATIVE CARE OF CALIFORNIA - SAN DIEGO,16745 W Bernardo Dr,San Diego,92127,Not Applicable,Home Health Agency/Hospice,Hospice
406374396,GUARDIAN ANGEL HOME CARE OF SAN DIEGO LLC,3505 Cam Del Rio S,San Diego,92108,Not Applicable,Home Health Agency/Hospice,Home Health Agency
406374397,ADVANTAGE HEALTH SYSTEMS,9663 TIERRA GRANDE ST,SAN DIEGO,92126,Not Applicable,Home Health Agency/Hospice,Home Health Agency
406374400,ALPHA PLUS HOME HEALTH SERVICES,7227 BROADWAY,LEMON GROVE,91945,Not Applicable,Home Health Agency/Hospice,Home Health Agency
406374403,SILVERADO HOSPICE SAN DIEGO,5471 KEARNY VILLA RD,SAN DIEGO,92123,Not Applicable,Home Health Agency/Hospice,Hospice
406374411,"MAXIM HEALTHCARE SERVICES, INC.",3111 CAMINO DEL RIO N,SAN DIEGO,92108,Not Applicable,Home Health Agency/Hospice,Home Health Agency
406374412,ASPIRE HOME HEALTHCARE,5465 MOREHOUSE DR,SAN DIEGO,92121,Not Applicable,Home Health Agency/Hospice,Home Health Agency
406374418,UNI CARE HOME HEALTH INC,1510 S ESCONDIDO BLVD,ESCONDIDO,92025,Not Applicable,Home Health Agency/Hospice,Home Health Agency
406374423,PROMONTORY HOME HEALTH,225 W MADISON AVE,EL CAJON,92020,Not Applicable,Home Health Agency/Hospice,Home Health Agency
406374424,HOSPICE BY THE SEA,777 S HIGHWAY 101,SOLANA BEACH,92075,Not Applicable,Home Health Agency/Hospice,Hospice
406374427,APREVA HOSPICE,1565 HOTEL CIRCLE S,SAN DIEGO,92108,Not Applicable,Home Health Agency/Hospice,Hospice
406374428,"PROVIDENT HOME HEALTHCARE, INC",7950 Silverton Ave,San Diego,92126,Not Applicable,Home Health Agency/Hospice,Home Health Agency
406374429,SAN DIEGO HOME HEALTH CARE SERVICES INC,5050 AVENIDAS ENCINAS,CARLSBAD,92008,Not Applicable,Home Health Agency/Hospice,Home Health Agency
406374435,ADVANCED HOME HEALTH SAN DIEGO INC,9245 ACTIVITY RD,SAN DIEGO,92126,Not Applicable,Home Health Agency/Hospice,Home Health Agency
406374440,AVEANNA HEALTHCARE,2020 CAMINO DEL RIO NORTH,SAN DIEGO,92108,Not Applicable,Home Health Agency/Hospice,Home Health Agency
406374442,"MODERN HOME HEALTH CARE, INC.",3130 Bonita Rd,Chula Vista,91910,Not Applicable,Home Health Agency/Hospice,Home Health Agency
406374443,HEALTH PLUS HOME HEALTH CARE INC,3110 CAMINO DEL RIO S,SAN DIEGO,92108,Not Applicable,Home Health Agency/Hospice,Home Health Agency
406374447,SEAPORT HOME HEALTH,5411 AVENIDA ENCINAS,CARLSBAD,92008,Not Applicable,Home Health Agency/Hospice,Home Health Agency
406374451,BRIGHTSTAR CARE OF ENCINITAS,680 FLETCHER PKWY,EL CAJON,92020,Not Applicable,Home Health Agency/Hospice,Home Health Agency
406374452,INTERIM HEALTHCARE SAN DIEGO HOSPICE,5625 Ruffin Rd,San Diego,92123,Not Applicable,Home Health Agency/Hospice,Hospice
406374453,AVEANNA HEALTHCARE - SAN MARCOS,338 VIA VERA CRUZ,SAN MARCOS,92078,Not Applicable,Home Health Agency/Hospice,Home Health Agency
406374454,TRADITIONS HEALTH,5333 Mission Center Rd,San Diego,92108,Not Applicable,Home Health Agency/Hospice,Hospice
406374457,BRISTOL HOSPICE - SAN DIEGO L.L.C.,8765 AERO DR,SAN DIEGO,92123,Not Applicable,Home Health Agency/Hospice,Hospice
406374459,VITAL CARE HEALTH SYSTEMS,444 CAMINO DEL RIO S,SAN DIEGO,92108,Not Applicable,Home Health Agency/Hospice,Home Health Agency
406374460,BRIDGE HOME HEALTH,5090 SHOREHAM PL,SAN DIEGO,92122,Not Applicable,Home Health Agency/Hospice,Home Health Agency
406374461,ODOS HOME HEALTH INC,9225 DOWDY DR,SAN DIEGO,92126,Not Applicable,Home Health Agency/Hospice,Home Health Agency
406374462,"ABSOLUTE HOME HEALTH, INC.",3656 RUFFIN RD,SAN DIEGO,92123,Not Applicable,Home Health Agency/Hospice,Home Health Agency
406374463,"SACRED HEART HEALTH CARE PROVIDERS, INC.",758 N 2ND ST,EL CAJON,92021,Not Applicable,Home Health Agency/Hospice,Home Health Agency
406374464,"MISSION HOSPICE SERVICES OF SAN DIEGO, INC.",2385 NORTHSIDE DR,SAN DIEGO,92108,Not Applicable,Home Health Agency/Hospice,Hospice
406374466,HEALTHWISE HOME HEALTH CARE INC.,1615 SWEETWATER RD,NATIONAL CITY,91950,Not Applicable,Home Health Agency/Hospice,Home Health Agency
406374467,BRIGHTSTAR OF ESCONDIDO & SAN MARCOS,504 W MISSION AVE,ESCONDIDO,92025,Not Applicable,Home Health Agency/Hospice,Home Health Agency
406374468,ADVANTAGE HEALTH SYSTEMS,9663 TIERRA GRANDE ST,SAN DIEGO,92126,Not Applicable,Home Health Agency/Hospice,Hospice
406374472,MISSION HOME HEALTH OF NORTH COUNTY SAN DIEGO,334 VIA VERA CRUZ,SAN MARCOS,92078,Not Applicable,Home Health Agency/Hospice,Home Health Agency
406374475,"EMERALD TRIUNE HOME HEALTH SERVICES, INC.",253 S. ESCONDIDO BLVD.,ESCONDIDO,92025,Not Applicable,Home Health Agency/Hospice,Home Health Agency
406374486,SHIELD HOME HEALTH,7940 SILVERTON AVE,SAN DIEGO,92126,Not Applicable,Home Health Agency/Hospice,Home Health Agency
406374488,"DELTA HOME HEALTH, INC",9360 ACTIVITY RD,SAN DIEGO,92126,Not Applicable,Home Health Agency/Hospice,Home Health Agency
406374492,"BONITA HOMECARE, INC.",319 F ST,CHULA VISTA,91910,Not Applicable,Home Health Agency/Hospice,Home Health Agency
406374501,ELIZABETH HOSPICE - BRANCH - CARLSBAD,5938 PRIESTLY DR.,CARLSBAD,92008,Not Applicable,Home Health Agency/Hospice,Hospice
406374502,ELIZABETH HOSPICE - BRANCH - SAN DIEGO,8989 RIO SAN DIEGO DR,SAN DIEGO,92108,Not Applicable,Home Health Agency/Hospice,Hospice
406374505,ALWAYS BEST CARE  SENIOR SERVICES,3665 Ruffin Rd,San Diego,92123,Not Applicable,Home Health Agency/Hospice,Home Health Agency
406374507,TOGETHER HOSPICE CARE LLC,7771 UNIVERSITY AVE,LA MESA,91942,Not Applicable,Home Health Agency/Hospice,Hospice
406374511,BRIDGE HOSPICE,5090 Shoreham Pl,San Diego,92122,Not Applicable,Home Health Agency/Hospice,Hospice
406374512,"TRIO HOME HEALTH CARE OF SAN DIEGO, INC.",1991 VILLAGE PARK WAY,ENCINITAS,92024,Not Applicable,Home Health Agency/Hospice,Home Health Agency
406374521,"ART OF HOSPICE CARE, INC.",7710 Balboa Ave,San Diego,92111,Not Applicable,Home Health Agency/Hospice,Hospice
406374523,HOSPICE OF THE SOUTH COAST LLC,10251 Vista Sorrento Pkwy,San Diego,92121,Not Applicable,Home Health Agency/Hospice,Hospice
406374524,ARDENT HOSPICE & PALLIATIVE CARE INC,16486 BERNARDO CENTER DR,SAN DIEGO,92128,Not Applicable,Home Health Agency/Hospice,Hospice
406374526,UNI CARE HOSPICE INC,1510 S ESCONDIDO BLVD,ESCONDIDIO,92025,Not Applicable,Home Health Agency/Hospice,Hospice
406374530,"ST JOSEPH CARE HOSPICE SERVICES, INC",330 W Felicita Ave,Escondido,92025,Not Applicable,Home Health Agency/Hospice,Hospice
406374531,"KAMELYA HOME HEALTH, INCORPORATED",3835 AVOCADO BLVD,LA MESA,91941,Not Applicable,Home Health Agency/Hospice,Home Health Agency
406374533,BRISTOL HOSPICE - SAN DIEGO,8765 Aero Dr,San Diego,92123,Not Applicable,Home Health Agency/Hospice,Hospice
406374537,A BETTER SOLUTION IN HOME CARE,8929 COMPLEX DR,SAN DIEGO,92123,Not Applicable,Home Health Agency/Hospice,Home Health Agency
406374541,LEGACY HOME HEALTH & REHABILITATION,9672 VIA EXCELENCIA,SAN DIEGO,92126,Not Applicable,Home Health Agency/Hospice,Home Health Agency
406374543,PARAMOUNT HOSPICE,11838 Bernardo Plaza Ct,San Diego,92128,Not Applicable,Home Health Agency/Hospice,Hospice
406374544,PARAMOUNT HOME HEALTH CARE,11838 BERNARDO PLAZA CT,SAN DIEGO,92128,Not Applicable,Home Health Agency/Hospice,Home Health Agency
406374545,"DANNY'S HOME HEALTH CARE, INC.",2667 CAMINO DE RIO S,SAN DIEGO,92108,Not Applicable,Home Health Agency/Hospice,Home Health Agency
406374546,"ANGELICUM HOME HEALTH, INC.",9434 CHESAPEAKE DR,SAN DIEGO,92123,Not Applicable,Home Health Agency/Hospice,Home Health Agency
406374547,WINDWARD HOME HEALTH,1635 LAKE SAN MARCOS DR,SAN DIEGO,92078,Not Applicable,Home Health Agency/Hospice,Home Health Agency
406374554,MERIDIAN HOME HEALTH,4545 Murphy Canyon Rd,San Diego,92123,Not Applicable,Home Health Agency/Hospice,Home Health Agency
406374555,VISTA HOSPICE CARE INC,550 W VISTA WAY,VISTA,92083,Not Applicable,Home Health Agency/Hospice,Hospice
406374561,"CHARTER HOSPICE OF SAN DIEGO, LLC",16955 Via del Campo,San Diego,92127,Not Applicable,Home Health Agency/Hospice,Hospice
406374570,ELITE HEALTH CARE SYSTEMS,7484 University Ave,La Mesa,91942,Not Applicable,Home Health Agency/Hospice,Hospice
406374571,PACIFIC POINT HOSPICE & PALLIATIVE CARE,5946 Priestly Dr,Carlsbad,92008,Not Applicable,Home Health Agency/Hospice,Hospice
406374573,HOSPICE CARE OF THE COAST,1340 W VALLEY PKWY,ESCONDIDO,92029,Not Applicable,Home Health Agency/Hospice,Hospice
406374575,SEA COAST HOSPICE CARE INC,8380 MIRAMAR MALL,SAN DIEGO,92121,Not Applicable,Home Health Agency/Hospice,Hospice
406374744,"APA HOSPICE CARE, INC.",501 W Broadway,San Diego,92101,Not Applicable,Home Health Agency/Hospice,Hospice
406374761,SUMMER BREEZE HEALTHCARE,4959 PALO VERDE ST,MONTCLAIR,91763,Not Applicable,Home Health Agency/Hospice,Hospice
406374764,RBRK HEALTHCARE LLC,16870 W Bernardo Dr,San Diego,92127,Not Applicable,Home Health Agency/Hospice,Hospice
406375188,TAKARA HOSPICE LLC,333 S JUNIPER ST,ESCONDIDO,92025,Not Applicable,Home Health Agency/Hospice,Hospice
406375226,"ANGELES HOSPICE CARE, INC",659 N ESCONDIDO BLVD,ESCONDIDO,92025,Not Applicable,Home Health Agency/Hospice,Hospice
406375536,"FAITH HOME HEALTH, INC.",1524 GRAVES AVE,EL CAJON,92021,Not Applicable,Home Health Agency/Hospice,Home Health Agency
406375652,"ORANGE COAST HOSPICE, INC.",1283 E Main St,El Cajon,92021,Not Applicable,Home Health Agency/Hospice,Hospice
406375703,"SILVER TREE HOME HEALTH, INC",11650 IBERIA PL,SAN DIEGO,92128,Not Applicable,Home Health Agency/Hospice,Home Health Agency
406375756,UNIVERSAL HEALTH NET SAN DIEGO,4755 Oceanside Blvd,OCEANSIDE,92056,Not Applicable,Home Health Agency/Hospice,Hospice
406375805,"INNOVA HOME HEALTH, INC.",9245 DOWDY DR,SAN DIEGO,92126,Not Applicable,Home Health Agency/Hospice,Home Health Agency
406375880,"A CARING HOMEHEALTH, INC.",4025 CAMINO DEL RIO S,SAN DIEGO,92108,Not Applicable,Home Health Agency/Hospice,Home Health Agency
406375886,"GOOD SAMARITAN HOME HEALTH CARE, INC.",3403 E PLAZA BLVD,NATIONAL CITY,91950,Not Applicable,Home Health Agency/Hospice,Home Health Agency
406375901,"STAR HOME HEALTH, LLC",5348 UNIVERSITY AVE,SAN DIEGO,92105,Not Applicable,Home Health Agency/Hospice,Home Health Agency
406376013,"VISTA COMMUNITY HOSPICE, INC.",830 E VISTA WAY,VISTA,92084,Not Applicable,Home Health Agency/Hospice,Hospice
406376189,"ETHEREAL HOSPICE, INC.",8400 Miramar Rd,San Diego,92126,Not Applicable,Home Health Agency/Hospice,Hospice
406376541,ASTUR HEALTH CARE LLC,680 FLETCHER PKWY,EL CAJON,92020,Not Applicable,Home Health Agency/Hospice,Home Health Agency
406377746,"JTC HOME HEALTH, INC",2801 CAMINO DEL RIO S,SAN DIEGO,92108,Not Applicable,Home Health Agency/Hospice,Home Health Agency
406377966,"REVERENCE HOME HEALTH, INC.",380 S MELROSE DR,VISTA,92081,Not Applicable,Home Health Agency/Hospice,Home Health Agency
406378003,"COME FOR HOME CARE, INC.",402 W BROADWAY,SAN DIEGO,92101,Not Applicable,Home Health Agency/Hospice,Home Health Agency
